,Institution,subject,honor_code,participants,attended_>50%,certified,%attended_>50%,%finish,%certified_<50%,%_video_played,%_forum_post,%_grade,tot_hours,median_hours,median_age,%_male,%_female,%_degree,Years
0,MITx,"Science, Technology, Engineering, and Mathematics",1,36105,5431,3003,15.04,8.32,54.98,83.2,8.17,28.97,418.94,64.45,26.0,88.28,11.72,60.68,2012
1,MITx,Computer Science,1,62709,8949,5783,14.27,9.22,64.05,89.14,14.38,39.5,884.04,78.53,28.0,83.5,16.5,63.04,2012
2,MITx,"Science, Technology, Engineering, and Mathematics",1,16663,2855,2082,17.13,12.49,72.85,87.49,14.42,34.89,227.55,61.28,27.0,70.32,29.68,58.76,2012
3,HarvardX,Computer Science,1,129400,12888,1439,9.96,1.11,11.11,0,0.0,1.11,220.9,0.0,28.0,80.02,19.98,58.78,2012
4,HarvardX,"Government, Health, and Social Science",1,52521,10729,5058,20.44,9.64,47.12,77.45,15.98,32.52,804.41,76.1,32.0,56.78,43.22,88.33,2012
5,MITx,Computer Science,1,65380,6473,3313,9.9,5.07,51.17,82.43,10.3,28.9,639.4,84.14,27.0,83.99,16.01,60.9,2013
6,MITx,"Science, Technology, Engineering, and Mathematics",1,8270,838,547,10.13,6.61,65.16,80.25,10.22,23.49,68.11,59.29,27.0,73.3,26.7,58.99,2013
7,MITx,"Government, Health, and Social Science",1,29044,6510,4607,22.41,15.86,70.6,83.24,13.89,39.38,279.22,40.3,30.0,53.76,46.24,81.94,2013
8,MITx,"Science, Technology, Engineering, and Mathematics",1,39178,3543,1722,9.04,4.4,48.49,85.3,5.86,16.04,380.35,107.88,26.0,85.42,14.58,56.97,2013
9,HarvardX,"Humanities, History, Design, Religion, and Education",1,58779,9425,5438,16.05,9.26,51.07,---,21.86,20.98,186.61,13.67,30.0,60.42,39.58,69.78,2013
10,MITx,"Science, Technology, Engineering, and Mathematics",1,16752,1769,1103,10.56,6.58,61.16,83.55,5.68,22.47,148.54,59.39,25.0,88.88,11.12,59.51,2013
11,MITx,"Science, Technology, Engineering, and Mathematics",1,28535,6109,3242,21.41,11.36,52.92,84.62,33.14,38.85,476.84,72.8,30.0,57.79,42.21,68.15,2013
12,HarvardX,"Humanities, History, Design, Religion, and Education",1,25873,1803,1395,6.99,5.41,77.09,77.05,13.76,18.05,140.72,46.26,32.0,53.31,46.69,71.95,2013
13,MITx,"Science, Technology, Engineering, and Mathematics",1,8736,1705,817,19.52,9.35,47.86,81.82,11.42,29.98,84.75,52.13,27.0,86.22,13.78,64.45,2013
14,HarvardX,"Government, Health, and Social Science",1,23179,3727,2743,16.1,11.85,70.83,85.35,14.48,29.01,110.67,21.69,30.0,51.15,48.85,75.19,2013
15,MITx,"Science, Technology, Engineering, and Mathematics",1,15350,1388,1033,9.04,6.73,71.9,10.96,8.48,24.07,145.95,68.48,26.0,84.53,15.47,54.43,2013
16,MITx,"Science, Technology, Engineering, and Mathematics",1,11961,869,382,7.27,3.19,43.96,79.57,6.92,23.84,95.14,77.45,26.0,73.59,26.41,54.64,2013
17,HarvardX,"Humanities, History, Design, Religion, and Education",1,17604,1260,728,7.18,4.15,57.14,68.77,6.59,14.96,65.56,22.1,31.0,52.11,47.89,68.75,2013
18,MITx,"Science, Technology, Engineering, and Mathematics",1,35903,4051,1822,11.28,5.07,44.98,78.02,10.27,25.93,452.55,111.34,25.0,83.26,16.74,51.75,2013
19,MITx,"Science, Technology, Engineering, and Mathematics",1,24707,4104,2086,16.61,8.44,50.78,80.54,16.88,31.57,331.0,69.36,28.0,56.69,43.31,62.45,2013
20,MITx,"Government, Health, and Social Science",1,25619,1727,616,6.74,2.4,35.67,68.34,10.58,27.94,101.36,45.18,30.0,79.14,20.86,77.42,2013
21,MITx,"Humanities, History, Design, Religion, and Education",1,17077,2430,1486,14.23,8.7,61.15,65.15,10.72,30.88,138.94,48.99,31.0,51.95,48.05,74.02,2013
22,HarvardX,"Government, Health, and Social Science",0,5857,1393,0,23.86,0.0,0.0,63.1,9.66,35.89,12.57,0.0,30.0,66.49,33.51,73.1,2013
23,MITx,"Humanities, History, Design, Religion, and Education",1,34371,5554,1893,16.16,5.51,34.08,73.84,22.16,45.27,154.23,27.25,31.0,64.25,35.75,65.0,2013
24,HarvardX,"Science, Technology, Engineering, and Mathematics",1,60555,7195,1846,11.89,3.05,25.64,75.48,10.78,17.32,399.77,70.66,33.0,49.47,50.53,76.55,2013
25,HarvardX,"Government, Health, and Social Science",1,28384,5037,2407,17.76,8.48,47.79,60.92,11.07,22.68,104.37,20.2,31.0,54.95,45.05,86.27,2013
26,MITx,"Science, Technology, Engineering, and Mathematics",1,21387,1269,379,5.93,1.77,29.47,63.3,3.18,10.04,117.84,81.11,25.0,89.29,10.71,57.18,2013
27,MITx,Computer Science,1,57147,8248,4975,14.43,8.71,60.23,76.86,9.47,43.16,523.56,53.05,28.0,82.95,17.05,62.73,2013
28,MITx,"Science, Technology, Engineering, and Mathematics",1,18424,2079,398,11.28,2.16,19.1,61.3,3.16,19.71,60.99,43.14,25.0,88.6,11.4,58.89,2013
29,HarvardX,"Humanities, History, Design, Religion, and Education",1,47384,8234,3692,17.39,7.8,44.26,78.7,12.61,32.62,145.08,13.89,29.0,59.22,40.78,74.91,2013
30,HarvardX,"Humanities, History, Design, Religion, and Education",0,6446,2873,0,44.74,0.0,0.0,69.68,15.91,0.0,13.89,0.0,32.0,40.81,59.19,69.5,2013
31,HarvardX,"Government, Health, and Social Science",1,20914,5647,3321,27.02,15.89,58.81,66.94,12.98,43.94,99.29,17.8,30.0,47.38,52.62,73.95,2013
32,HarvardX,Computer Science,1,259577,22894,1208,8.82,0.47,5.24,72.41,0.0,0.0,853.36,0.0,27.0,77.89,22.11,54.82,2014
33,HarvardX,"Humanities, History, Design, Religion, and Education",1,12856,4374,2640,34.03,20.54,56.74,75.9,20.89,43.29,68.25,13.77,33.0,60.59,39.41,79.35,2014
34,HarvardX,"Humanities, History, Design, Religion, and Education",1,33784,4903,1549,14.52,4.59,31.59,70.79,16.74,15.68,101.83,19.41,38.0,59.35,40.65,74.15,2014
35,HarvardX,"Humanities, History, Design, Religion, and Education",1,8685,1838,388,21.2,4.47,21.11,68.6,19.66,14.22,19.6,13.21,32.0,45.54,54.46,72.49,2014
36,MITx,Computer Science,1,25886,1332,101,5.15,0.39,7.58,59.55,6.37,15.02,40.13,26.4,29.0,84.27,15.73,72.27,2014
37,MITx,"Government, Health, and Social Science",1,11102,1825,1173,16.44,10.57,64.16,70.88,11.33,35.45,84.99,42.26,29.0,51.48,48.52,78.8,2014
38,MITx,"Science, Technology, Engineering, and Mathematics",1,26364,2927,592,11.1,2.25,20.23,65.57,3.98,17.78,224.14,120.16,28.0,83.54,16.46,73.15,2014
39,HarvardX,"Humanities, History, Design, Religion, and Education",1,7422,3221,2226,43.43,30.01,63.18,77.16,29.14,50.29,33.76,8.99,34.0,58.97,41.03,79.4,2014
40,MITx,"Science, Technology, Engineering, and Mathematics",1,7905,1694,452,21.43,5.72,26.68,66.36,9.73,33.57,55.04,42.54,30.0,70.67,29.33,76.36,2014
41,MITx,Computer Science,1,21063,3965,1920,18.82,9.12,48.4,74.21,9.28,43.66,188.51,48.42,27.0,83.51,16.49,63.46,2014
42,HarvardX,"Government, Health, and Social Science",1,8256,2293,1266,27.8,15.35,55.21,62.97,21.56,39.12,39.34,18.49,30.0,41.1,58.9,80.59,2014
43,MITx,"Government, Health, and Social Science",1,31391,4782,1790,15.23,5.7,37.43,73.93,6.68,21.51,313.27,81.94,31.0,81.0,19.0,87.62,2014
44,MITx,"Science, Technology, Engineering, and Mathematics",1,11883,692,101,5.82,0.85,14.6,47.62,2.95,6.19,34.28,112.92,25.0,91.48,8.52,60.98,2014
45,MITx,Computer Science,1,13148,2512,1502,19.11,11.42,59.63,69.27,7.33,32.57,97.28,38.44,29.0,87.9,12.1,74.21,2014
46,HarvardX,"Humanities, History, Design, Religion, and Education",1,39319,4063,1851,10.34,4.71,45.56,66.34,23.15,42.36,159.84,25.29,36.0,46.37,53.63,80.08,2014
47,MITx,"Government, Health, and Social Science",1,36330,9197,2043,25.32,5.62,20.34,73.84,15.46,10.48,108.97,10.46,30.0,75.09,24.91,74.9,2014
48,HarvardX,"Humanities, History, Design, Religion, and Education",1,6753,2552,1788,37.81,26.49,62.19,76.01,22.71,45.74,34.82,11.42,34.0,60.51,39.49,80.78,2014
49,HarvardX,"Humanities, History, Design, Religion, and Education",0,7156,781,0,10.95,0.0,0.0,69.79,3.07,0.0,7.23,0.0,53.0,56.79,43.21,98.11,2014
50,HarvardX,"Government, Health, and Social Science",1,12621,2493,602,19.76,4.77,23.02,59.76,0.0,7.64,27.85,11.15,32.0,65.49,34.51,86.02,2014
51,MITx,"Government, Health, and Social Science",1,7382,2046,980,27.72,13.28,47.9,65.09,16.82,34.69,46.04,21.46,32.0,51.36,48.64,90.32,2014
52,HarvardX,"Government, Health, and Social Science",1,13708,3620,651,26.43,4.75,17.98,70.94,3.77,34.62,58.19,25.79,31.0,67.66,32.34,89.69,2014
53,HarvardX,"Government, Health, and Social Science",1,10225,1550,763,15.18,7.47,49.23,58.94,10.05,29.84,47.9,26.57,30.0,51.01,48.99,82.13,2014
54,HarvardX,"Humanities, History, Design, Religion, and Education",1,35409,4767,2485,13.47,7.02,45.69,67.31,19.05,17.85,145.01,20.13,29.0,58.0,42.0,67.17,2014
55,MITx,"Science, Technology, Engineering, and Mathematics",1,27882,3464,567,12.42,2.03,16.37,66.49,5.74,20.52,56.9,28.32,29.0,84.17,15.83,66.85,2014
56,HarvardX,"Humanities, History, Design, Religion, and Education",1,5256,2649,1686,50.44,32.1,62.21,75.32,28.69,48.95,24.76,9.09,35.0,64.35,35.65,82.04,2014
57,MITx,"Government, Health, and Social Science",1,30456,9494,4055,31.17,13.31,36.14,64.8,4.67,13.31,34.79,2.1,30.0,80.39,19.61,81.37,2014
58,MITx,"Science, Technology, Engineering, and Mathematics",1,5854,532,269,9.09,4.6,50.19,72.02,6.01,26.84,55.2,89.94,26.0,73.88,26.12,55.19,2014
59,HarvardX,"Humanities, History, Design, Religion, and Education",1,5446,2244,1637,41.24,30.09,63.73,76.75,24.22,49.72,31.69,11.7,35.0,60.97,39.03,80.56,2014
60,MITx,"Science, Technology, Engineering, and Mathematics",1,12939,754,502,5.83,3.88,66.58,13.25,6.01,17.97,86.76,80.06,25.0,84.2,15.8,53.49,2014
61,HarvardX,"Humanities, History, Design, Religion, and Education",1,10737,2550,1090,23.78,10.17,42.75,74.69,27.55,34.06,22.82,7.34,34.0,37.38,62.62,74.88,2014
62,MITx,"Science, Technology, Engineering, and Mathematics",1,6140,1061,333,17.28,5.42,31.29,70.07,9.54,18.66,62.01,78.56,26.0,85.77,14.23,64.26,2014
63,MITx,Computer Science,1,22148,4460,2307,20.14,10.42,51.7,76.74,10.81,48.86,232.93,49.69,27.0,81.69,18.31,61.96,2014
64,MITx,"Science, Technology, Engineering, and Mathematics",1,5092,1027,392,20.17,7.7,38.17,67.07,12.02,26.1,39.96,36.44,29.0,64.41,35.59,76.43,2014
65,MITx,"Science, Technology, Engineering, and Mathematics",1,15627,2357,940,15.08,6.02,39.71,73.58,14.57,24.62,182.26,70.28,28.0,57.9,42.1,59.85,2014
66,MITx,"Science, Technology, Engineering, and Mathematics",0,10755,895,0,8.32,0.0,0.0,60.52,0.01,0.0,59.23,0.0,26.0,58.14,41.86,60.92,2014
67,HarvardX,"Humanities, History, Design, Religion, and Education",1,36805,7752,3942,21.07,10.71,50.85,73.66,20.46,30.58,103.05,12.71,31.0,54.3,45.7,77.57,2014
68,MITx,"Science, Technology, Engineering, and Mathematics",1,19263,1300,482,6.75,2.5,36.38,64.03,4.96,15.98,129.34,95.58,25.0,88.07,11.93,56.39,2014
69,MITx,Computer Science,1,21017,4143,2127,19.71,10.12,51.34,76.87,9.7,50.09,206.46,48.26,27.0,83.23,16.77,65.39,2014
70,HarvardX,"Humanities, History, Design, Religion, and Education",1,7304,1832,775,25.11,10.62,42.25,68.7,4.47,18.79,17.31,8.99,34.0,49.86,50.14,72.97,2014
71,HarvardX,"Humanities, History, Design, Religion, and Education",1,8493,2137,1183,25.18,13.94,55.36,50.77,14.16,38.2,20.45,8.54,31.0,55.73,44.27,74.67,2014
72,MITx,"Science, Technology, Engineering, and Mathematics",1,11841,1532,502,12.94,4.24,32.77,62.87,4.9,13.95,81.04,63.12,25.0,84.01,15.99,65.85,2014
73,MITx,"Science, Technology, Engineering, and Mathematics",1,5245,367,164,7.0,3.13,44.69,65.43,9.4,20.29,38.86,93.19,26.0,75.38,24.62,60.54,2014
74,HarvardX,"Humanities, History, Design, Religion, and Education",1,4662,2148,1505,46.1,32.3,61.45,80.08,33.98,52.26,22.93,8.68,38.0,63.87,36.13,82.25,2014
75,HarvardX,"Humanities, History, Design, Religion, and Education",1,3853,969,391,25.16,10.15,40.35,67.67,16.02,31.5,9.36,10.2,32.0,44.07,55.93,81.88,2014
76,HarvardX,"Humanities, History, Design, Religion, and Education",1,2820,1306,153,46.41,5.44,11.72,70.15,19.12,22.35,7.68,13.08,32.0,43.8,56.2,68.15,2014
77,HarvardX,"Humanities, History, Design, Religion, and Education",1,2310,839,510,36.45,22.15,60.79,47.87,5.0,32.67,6.77,4.8,35.0,49.28,50.72,69.74,2014
78,HarvardX,"Humanities, History, Design, Religion, and Education",1,13305,1798,699,13.53,5.26,38.88,65.64,22.34,38.16,51.77,20.99,37.0,43.21,56.79,80.95,2014
79,HarvardX,"Government, Health, and Social Science",1,9010,2166,1494,24.07,16.6,68.98,58.71,22.92,39.8,40.6,15.92,31.0,49.87,50.13,82.7,2014
80,MITx,"Science, Technology, Engineering, and Mathematics",1,7093,285,12,4.02,0.17,4.21,57.48,1.97,3.0,16.85,107.09,27.0,88.83,11.17,72.54,2014
81,MITx,"Humanities, History, Design, Religion, and Education",1,7052,1093,543,15.5,7.7,49.68,61.06,7.54,30.01,54.46,51.76,29.0,48.56,51.44,74.88,2014
82,HarvardX,"Science, Technology, Engineering, and Mathematics",1,26086,4637,1583,17.78,6.07,34.14,74.36,2.73,34.46,88.43,15.3,27.0,50.95,49.05,62.09,2014
83,MITx,"Government, Health, and Social Science",1,25600,5098,2184,19.91,8.53,42.82,73.89,16.59,19.88,255.4,61.42,30.0,77.04,22.96,84.04,2014
84,MITx,"Humanities, History, Design, Religion, and Education",1,20109,3949,488,19.64,2.43,12.36,70.61,14.78,27.84,65.35,33.14,28.0,66.54,33.46,62.77,2014
85,MITx,"Government, Health, and Social Science",1,5321,1558,565,29.28,10.62,36.26,65.42,10.92,36.68,26.71,22.16,31.0,48.91,51.09,91.41,2014
86,MITx,"Science, Technology, Engineering, and Mathematics",1,11074,1599,136,14.44,1.23,8.51,67.84,3.75,8.39,41.65,61.21,25.0,91.97,8.03,61.38,2014
87,HarvardX,"Humanities, History, Design, Religion, and Education",1,1559,697,417,44.85,26.83,59.54,43.18,2.9,33.72,3.2,1.77,34.0,50.35,49.65,66.91,2014
88,MITx,"Humanities, History, Design, Religion, and Education",1,15942,3481,1630,21.84,10.22,35.97,67.16,0.01,10.31,44.73,7.46,33.0,61.33,38.67,83.01,2014
89,HarvardX,"Humanities, History, Design, Religion, and Education",1,4515,2081,1528,46.13,33.87,62.85,78.36,31.46,51.05,23.92,9.54,37.0,64.33,35.67,82.68,2014
90,MITx,Computer Science,1,11690,2231,1259,19.08,10.77,56.34,71.12,7.7,35.32,81.0,38.46,29.0,87.33,12.67,74.6,2014
91,HarvardX,"Humanities, History, Design, Religion, and Education",1,1615,617,376,38.35,23.37,60.78,40.89,4.6,31.95,3.63,1.42,33.0,50.28,49.72,68.89,2014
92,HarvardX,"Humanities, History, Design, Religion, and Education",1,1911,661,149,34.7,7.82,22.54,67.98,15.12,22.26,6.58,13.19,37.0,40.62,59.38,75.54,2014
93,MITx,"Humanities, History, Design, Religion, and Education",1,25569,3210,1480,12.55,5.79,29.88,63.42,0.0,6.31,50.33,7.51,26.0,82.01,17.99,57.7,2014
94,HarvardX,"Humanities, History, Design, Religion, and Education",1,1275,516,304,40.5,23.86,58.72,59.65,21.43,42.23,3.28,5.93,35.0,47.3,52.7,85.23,2014
95,HarvardX,"Government, Health, and Social Science",1,10332,969,598,9.39,5.79,61.71,43.82,13.03,18.15,17.21,10.41,28.0,63.04,36.96,78.58,2014
96,HarvardX,"Humanities, History, Design, Religion, and Education",1,2201,694,367,31.55,16.68,52.74,43.41,3.41,24.0,2.41,1.52,34.0,53.43,46.57,71.9,2014
97,MITx,"Science, Technology, Engineering, and Mathematics",1,7000,1398,505,19.97,7.21,35.48,69.4,8.1,24.7,18.49,9.19,29.0,66.11,33.89,70.22,2014
98,HarvardX,"Humanities, History, Design, Religion, and Education",1,4248,1835,1442,43.24,33.98,65.12,79.76,30.14,50.49,23.03,9.76,37.0,67.11,32.89,82.98,2014
99,HarvardX,Computer Science,1,301082,25637,1523,8.51,0.51,5.45,67.8,0.0,0.0,275.96,0.0,25.0,77.68,22.32,51.95,2015
100,HarvardX,"Humanities, History, Design, Religion, and Education",1,5864,1242,1258,21.19,21.46,64.17,77.05,24.6,41.39,48.23,22.52,35.0,64.81,35.19,82.54,2015
101,HarvardX,"Humanities, History, Design, Religion, and Education",1,1483,641,400,43.25,26.99,62.25,64.51,12.75,49.73,3.4,4.67,34.0,46.56,53.44,80.97,2015
102,HarvardX,"Humanities, History, Design, Religion, and Education",1,3879,1045,220,26.98,5.68,21.05,73.53,14.46,16.45,9.2,12.34,33.0,44.63,55.37,71.38,2015
103,MITx,Computer Science,1,49529,8924,4738,18.02,9.57,53.07,77.76,8.91,49.04,485.67,48.96,27.0,82.56,17.44,67.27,2015
104,MITx,"Government, Health, and Social Science",1,21420,4958,2416,23.15,11.28,46.73,57.25,0.0,20.5,82.24,15.54,38.0,54.26,45.74,84.87,2015
105,HarvardX,"Government, Health, and Social Science",1,15433,3803,2245,24.65,14.55,59.03,72.64,0.01,34.11,68.16,16.15,30.0,66.27,33.73,77.3,2015
106,MITx,"Science, Technology, Engineering, and Mathematics",1,6980,571,201,8.18,2.88,35.2,57.66,6.63,17.61,76.36,172.7,24.0,84.56,15.44,48.64,2015
107,MITx,"Government, Health, and Social Science",1,30780,7955,2689,25.84,8.74,32.13,75.53,15.29,13.53,110.41,12.23,29.0,78.22,21.78,72.88,2015
108,MITx,"Government, Health, and Social Science",1,13173,3443,574,26.14,4.36,15.16,61.35,4.33,5.79,33.06,11.65,30.0,77.65,22.35,76.93,2015
109,MITx,"Science, Technology, Engineering, and Mathematics",1,4143,816,257,19.7,6.2,31.5,63.12,8.28,24.81,26.27,37.45,28.0,65.95,34.05,76.81,2015
110,MITx,"Government, Health, and Social Science",1,12208,885,241,7.25,1.97,27.23,62,6.36,31.41,36.51,41.75,29.0,79.55,20.45,76.75,2015
111,HarvardX,"Government, Health, and Social Science",1,28425,13849,2685,48.73,9.45,19.39,68.01,3.01,27.3,107.06,16.84,30.0,69.9,30.1,86.74,2015
112,MITx,"Science, Technology, Engineering, and Mathematics",1,22828,886,202,3.88,0.88,22.35,63.11,2.43,7.2,99.42,114.37,25.0,88.09,11.91,54.57,2015
113,MITx,Computer Science,1,18454,729,45,3.95,0.24,6.17,58.24,3.89,10.65,24.59,41.23,28.0,82.8,17.2,71.79,2015
114,MITx,"Government, Health, and Social Science",1,7664,908,594,11.85,7.75,65.42,67.18,5.78,30.3,66.87,61.4,28.0,51.51,48.49,78.56,2015
115,MITx,"Science, Technology, Engineering, and Mathematics",1,22537,2288,410,10.15,1.82,17.92,65.99,2.6,14.47,217.1,167.72,27.0,83.37,16.63,73.49,2015
116,MITx,"Science, Technology, Engineering, and Mathematics",1,7396,532,144,7.19,1.95,27.07,64.06,2.99,16.87,48.98,151.31,27.0,91.4,8.6,72.54,2015
117,HarvardX,"Humanities, History, Design, Religion, and Education",1,1465,578,380,39.48,25.96,64.71,62.91,19.06,45.22,3.16,4.86,35.0,48.5,51.5,81.63,2015
118,HarvardX,"Science, Technology, Engineering, and Mathematics",1,7008,3248,961,46.37,13.72,29.59,49.74,11.99,38.66,21.03,10.97,28.5,68.61,31.39,60.75,2015
119,MITx,"Science, Technology, Engineering, and Mathematics",1,5448,404,31,7.42,0.57,7.67,55.49,2.24,10.55,11.54,73.46,26.0,83.12,16.88,69.8,2015
120,MITx,"Science, Technology, Engineering, and Mathematics",1,10932,1193,393,10.91,3.59,32.94,71.33,8.03,16.57,187.44,251.82,26.0,87.19,12.81,64.49,2015
121,HarvardX,"Humanities, History, Design, Religion, and Education",1,11705,1186,195,10.14,1.67,16.44,73.04,7.43,14.72,40.5,42.22,29.0,72.91,27.09,66.55,2015
122,HarvardX,"Government, Health, and Social Science",1,6454,2042,813,31.65,12.6,39.76,64.29,7.39,25.57,20.36,11.86,30.0,69.09,30.91,73.65,2015
123,HarvardX,"Government, Health, and Social Science",1,12007,9446,1404,78.7,11.7,14.86,58.98,1.57,24.14,27.9,9.97,30.0,80.48,19.52,83.51,2015
124,MITx,"Science, Technology, Engineering, and Mathematics",1,3661,190,65,5.19,1.78,34.21,65.61,4.89,15.6,29.49,133.54,26.0,76.03,23.97,59.58,2015
125,HarvardX,"Government, Health, and Social Science",1,9266,3389,638,36.6,6.89,18.83,49.18,4.52,16.97,37.84,31.97,31.0,71.96,28.04,90.17,2015
126,MITx,Computer Science,1,15530,2363,805,15.22,5.18,33.81,64.37,5.71,14.92,126.65,72.18,26.0,89.5,10.5,59.24,2015
127,MITx,"Government, Health, and Social Science",1,26776,5638,3101,21.06,11.58,55.0,74.91,10.66,50.42,648.95,119.51,31.0,80.71,19.29,86.68,2015
128,MITx,"Science, Technology, Engineering, and Mathematics",1,13525,3638,885,26.9,6.54,24.33,70.59,10.03,24.39,121.16,47.06,24.0,84.5,15.5,52.15,2015
129,MITx,Computer Science,1,14835,2599,1656,17.52,11.16,63.6,70.27,6.42,31.27,159.01,63.36,28.0,85.33,14.67,75.51,2015
130,HarvardX,"Government, Health, and Social Science",1,4091,977,379,23.92,9.28,38.69,65.36,14.27,15.4,5.88,3.55,27.0,55.72,44.28,62.24,2015
131,MITx,"Science, Technology, Engineering, and Mathematics",1,7723,1567,430,20.29,5.57,27.44,69.33,6.32,30.45,98.6,94.34,28.0,58.52,41.48,70.24,2015
132,HarvardX,"Humanities, History, Design, Religion, and Education",1,5261,1823,348,34.7,6.62,19.09,74.63,17.7,26.11,20.14,19.02,38.0,33.26,66.74,75.48,2015
133,MITx,"Government, Health, and Social Science",1,5084,1039,277,20.44,5.45,26.66,69.81,10.64,25.83,20.5,21.18,29.0,63.13,36.87,73.47,2015
134,HarvardX,"Government, Health, and Social Science",1,4785,2174,453,45.49,9.48,20.84,58.67,4.6,21.55,29.02,34.43,30.0,71.98,28.02,86.92,2015
135,MITx,"Government, Health, and Social Science",1,25206,4402,715,17.46,2.84,12.7,67.34,7.55,2.84,64.07,9.09,28.0,74.09,25.91,69.67,2015
136,MITx,"Humanities, History, Design, Religion, and Education",1,15282,3012,513,19.71,3.36,17.03,60.42,0.01,16.08,36.12,16.89,30.0,72.81,27.19,72.15,2015
137,MITx,"Government, Health, and Social Science",1,3922,1107,404,28.23,10.3,36.5,63.87,8.64,36.69,34.15,39.26,31.0,51.09,48.91,90.65,2015
138,MITx,"Science, Technology, Engineering, and Mathematics",1,10626,685,113,6.45,1.06,16.5,50.84,1.38,7.15,30.79,99.23,25.0,86.95,13.05,60.39,2015
139,HarvardX,"Government, Health, and Social Science",1,4262,3518,377,82.6,8.85,10.72,60.48,2.04,24.04,12.86,12.15,30.0,65.11,34.89,90.87,2015
140,HarvardX,"Government, Health, and Social Science",1,2428,1864,209,77.02,8.64,11.21,59.01,3.51,18.64,8.35,15.58,30.0,64.2,35.8,87.88,2015
141,HarvardX,"Government, Health, and Social Science",1,2250,1884,252,83.96,11.23,13.38,52.54,2.14,24.91,3.6,4.14,30.0,68.59,31.41,89.94,2015
142,HarvardX,"Government, Health, and Social Science",1,2656,2066,226,77.9,8.52,10.94,48.94,2.34,18.4,5.33,11.09,29.0,65.34,34.66,83.74,2015
143,MITx,"Government, Health, and Social Science",1,6137,1296,184,21.12,3.0,9.88,55.99,1.4,2.97,11.95,8.72,28.0,74.22,25.78,71.62,2015
144,HarvardX,"Government, Health, and Social Science",1,9185,5824,183,63.46,1.99,3.14,46.81,6.72,6.28,13.23,14.92,30.0,61.48,38.52,84.74,2015
145,HarvardX,"Humanities, History, Design, Religion, and Education",1,2479,1076,196,43.51,7.93,18.22,65.91,15.89,24.67,7.49,14.8,39.0,41.25,58.75,73.39,2015
146,HarvardX,"Humanities, History, Design, Religion, and Education",1,8286,1784,807,21.54,9.74,45.24,62.44,0.1,21.02,20.03,9.66,35.0,46.39,53.61,87.58,2015
147,MITx,"Government, Health, and Social Science",1,19996,3481,1392,17.41,6.96,39.99,69.82,16.42,20.19,344.95,131.05,29.0,75.98,24.02,81.29,2015
148,MITx,"Science, Technology, Engineering, and Mathematics",1,8088,473,168,5.85,2.08,35.52,59.99,5.82,13.67,67.6,182.95,24.0,79.36,20.64,48.24,2015
149,MITx,"Government, Health, and Social Science",1,41361,4413,1232,10.67,2.98,26.38,62.1,2.41,2.98,69.95,9.18,27.0,73.08,26.92,68.73,2015
150,MITx,"Science, Technology, Engineering, and Mathematics",1,18266,3734,658,20.44,3.6,17.62,63.22,5.68,20.32,218.27,117.82,26.0,79.66,20.34,55.67,2015
151,MITx,"Government, Health, and Social Science",1,31551,5015,1950,15.89,6.18,38.88,69.88,5.98,30.91,547.35,120.1,28.0,81.25,18.75,84.94,2015
152,MITx,"Humanities, History, Design, Religion, and Education",1,12426,1990,699,16.01,5.63,35.13,73.7,7.39,19.5,83.98,43.53,27.0,74.85,25.15,61.12,2015
153,MITx,Computer Science,1,53964,9583,5243,17.76,9.72,54.68,77.31,7.6,49.0,895.01,86.65,25.0,78.53,21.47,64.59,2015
154,MITx,"Science, Technology, Engineering, and Mathematics",1,6934,1456,126,21.0,1.82,8.65,69.44,9.97,3.95,15.61,24.54,29.0,68.95,31.05,76.69,2015
155,HarvardX,"Science, Technology, Engineering, and Mathematics",1,31710,13275,789,41.87,2.49,5.94,55.96,4.37,9.91,90.12,35.11,24.0,54.05,45.95,59.0,2015
156,HarvardX,"Science, Technology, Engineering, and Mathematics",1,48922,3793,504,7.75,1.03,13.26,63.28,7.3,13.33,67.71,12.28,30.0,47.81,52.19,69.11,2015
157,MITx,"Government, Health, and Social Science",1,4404,2012,638,45.69,14.49,31.71,68.51,17.73,40.8,41.5,29.18,28.0,59.53,40.47,74.49,2015
158,MITx,"Humanities, History, Design, Religion, and Education",1,4518,1266,471,28.02,10.42,36.97,58.5,0.0,22.02,11.99,9.52,34.0,60.32,39.68,87.64,2015
159,MITx,"Science, Technology, Engineering, and Mathematics",1,5725,865,209,15.11,3.65,24.16,65.17,7.35,37.05,43.57,85.86,28.0,55.7,44.3,72.99,2015
160,HarvardX,"Humanities, History, Design, Religion, and Education",1,4794,897,353,18.71,7.36,39.35,66.58,23.8,24.7,10.93,11.04,32.0,34.31,65.69,75.32,2015
161,MITx,Computer Science,1,54361,7661,3411,14.09,6.27,44.49,70.35,6.07,37.54,567.96,74.39,26.0,81.45,18.55,66.28,2015
162,MITx,Computer Science,1,16094,1910,377,11.87,2.34,19.74,62.85,0.0,7.08,97.06,72.89,24.0,87.37,12.63,55.59,2015
163,HarvardX,"Government, Health, and Social Science",1,16005,1627,623,10.17,3.89,36.94,54.95,13.95,18.98,63.24,29.99,27.0,58.38,41.62,61.59,2015
164,MITx,"Science, Technology, Engineering, and Mathematics",1,4767,278,99,5.83,2.08,35.61,65.47,4.82,9.63,41.98,157.0,25.0,75.55,24.45,61.27,2015
165,MITx,"Science, Technology, Engineering, and Mathematics",1,6577,2392,445,36.37,6.77,18.27,63.21,4.64,13.2,40.32,32.79,25.0,83.34,16.66,67.57,2015
166,MITx,"Government, Health, and Social Science",1,23087,4711,1606,20.41,6.96,33.47,62.56,0.0,19.73,166.11,31.24,39.0,51.21,48.79,86.69,2015
167,HarvardX,"Humanities, History, Design, Religion, and Education",1,2175,588,330,27.03,15.17,56.12,72.41,20.51,41.24,11.83,22.34,30.0,56.37,43.63,73.26,2015
168,HarvardX,"Humanities, History, Design, Religion, and Education",1,4033,1516,460,37.59,11.41,27.18,73.47,4.76,11.41,11.11,5.88,36.0,39.11,60.89,75.55,2015
169,HarvardX,"Humanities, History, Design, Religion, and Education",1,2085,859,390,41.2,18.71,44.82,66.19,4.8,18.71,4.95,4.93,36.0,42.26,57.74,73.88,2015
170,HarvardX,"Humanities, History, Design, Religion, and Education",1,1732,788,361,45.5,20.84,44.8,69.34,3.98,20.84,4.39,4.79,35.5,42.24,57.76,79.85,2015
171,HarvardX,"Humanities, History, Design, Religion, and Education",1,2587,1448,502,55.97,19.4,34.6,67.53,1.43,19.4,5.71,4.28,32.0,38.04,61.96,73.64,2015
172,HarvardX,"Humanities, History, Design, Religion, and Education",1,2862,1328,443,46.4,15.48,33.21,69.01,7.65,15.48,3.35,2.09,35.0,33.38,66.62,72.64,2015
173,HarvardX,"Humanities, History, Design, Religion, and Education",1,1602,662,243,41.32,15.17,35.2,70.85,4.99,15.17,6.13,9.13,36.0,41.66,58.34,72.64,2015
174,HarvardX,"Humanities, History, Design, Religion, and Education",1,670,364,191,54.33,28.51,51.37,64.93,7.01,28.51,3.49,8.25,39.0,44.76,55.24,77.52,2015
175,HarvardX,"Humanities, History, Design, Religion, and Education",1,1472,325,189,22.08,12.84,44.31,66.92,6.79,12.84,6.93,12.48,38.0,37.91,62.09,76.11,2015
176,HarvardX,"Humanities, History, Design, Religion, and Education",1,1698,661,330,38.93,19.43,49.32,65.37,4.89,19.43,4.51,5.54,33.0,46.2,53.8,70.79,2015
177,MITx,"Government, Health, and Social Science",1,7532,742,360,9.85,4.78,48.52,58.87,6.63,27.02,77.46,104.81,28.0,59.91,40.09,85.32,2015
178,MITx,"Science, Technology, Engineering, and Mathematics",1,6129,1478,199,24.11,3.25,13.46,69.15,3.9,10.2,18.64,24.68,26.0,86.64,13.36,68.83,2015
179,MITx,"Humanities, History, Design, Religion, and Education",1,5724,908,498,15.86,8.7,54.85,62.35,10.13,21.24,77.42,83.16,29.0,47.24,52.76,74.29,2015
180,MITx,"Science, Technology, Engineering, and Mathematics",1,18732,736,66,3.93,0.35,8.83,0,2.68,4.6,51.1,138.06,23.0,89.27,10.73,53.08,2015
181,MITx,"Science, Technology, Engineering, and Mathematics",1,38119,5451,591,14.3,1.55,10.62,69.08,2.01,1.55,174.06,48.13,25.0,87.36,12.64,52.02,2015
182,MITx,"Science, Technology, Engineering, and Mathematics",1,6146,1266,171,20.6,2.78,13.35,48.97,1.46,2.78,28.65,52.62,24.0,89.55,10.45,58.46,2015
183,MITx,"Science, Technology, Engineering, and Mathematics",1,5566,805,95,14.46,1.71,11.18,44.39,1.04,1.71,17.95,53.73,24.0,88.81,11.19,59.47,2015
184,MITx,"Government, Health, and Social Science",1,14679,3836,1848,26.13,12.59,48.18,74.52,12.98,26.53,316.74,115.81,29.0,78.21,21.79,85.02,2015
185,HarvardX,"Humanities, History, Design, Religion, and Education",1,3126,581,246,18.59,7.87,42.34,61.1,10.04,7.87,8.08,10.69,29.0,40.14,59.86,72.04,2015
186,HarvardX,"Humanities, History, Design, Religion, and Education",1,702,348,180,49.57,25.64,51.72,55.98,11.54,25.64,1.85,4.65,31.0,48.98,51.02,80.42,2015
187,HarvardX,"Humanities, History, Design, Religion, and Education",1,492,246,127,50.0,25.81,51.22,54.07,8.54,25.81,1.18,3.67,30.0,49.09,50.91,78.86,2015
188,HarvardX,"Humanities, History, Design, Religion, and Education",1,511,212,113,41.49,22.11,53.3,49.71,5.68,22.11,1.08,4.44,31.0,48.48,51.52,74.39,2015
189,HarvardX,"Humanities, History, Design, Religion, and Education",1,30699,3607,1726,11.75,5.62,45.77,66.93,10.5,20.25,109.74,16.72,26.0,57.56,42.44,66.5,2015
190,MITx,"Science, Technology, Engineering, and Mathematics",1,10191,1066,148,10.46,1.45,13.79,59.74,0.0,7.12,45.06,74.06,24.0,91.04,8.96,61.19,2015
191,MITx,"Science, Technology, Engineering, and Mathematics",1,11574,418,106,3.61,0.92,25.12,54.94,4.18,5.19,83.14,181.45,25.0,72.81,27.19,66.14,2015
192,MITx,"Government, Health, and Social Science",1,4187,677,190,16.17,4.54,28.06,54.93,5.18,19.3,21.5,38.13,30.0,50.77,49.23,89.92,2015
193,HarvardX,"Science, Technology, Engineering, and Mathematics",1,29176,11250,4918,38.56,16.86,43.72,51.96,26.62,52.35,109.0,13.47,26.0,60.09,39.91,44.95,2015
194,MITx,"Science, Technology, Engineering, and Mathematics",1,3178,1810,320,56.95,10.07,17.62,55.44,4.56,15.8,20.12,31.84,25.0,86.14,13.86,69.15,2015
195,HarvardX,"Government, Health, and Social Science",1,18540,6950,793,37.49,4.28,11.41,60.5,3.07,4.28,64.81,23.29,28.0,65.94,34.06,84.7,2015
196,MITx,"Science, Technology, Engineering, and Mathematics",1,1178,484,94,41.09,7.98,19.42,59.76,6.2,22.16,9.8,50.19,27.0,86.54,13.46,71.11,2015
197,MITx,Computer Science,1,12426,2338,1516,18.82,12.2,64.76,70.46,7.48,31.47,167.8,69.53,28.0,85.39,14.61,74.43,2015
198,HarvardX,"Humanities, History, Design, Religion, and Education",1,6519,888,254,13.62,3.9,28.04,78.74,12.59,3.91,25.68,20.82,28.0,60.75,39.25,71.15,2015
199,HarvardX,"Humanities, History, Design, Religion, and Education",1,849,275,112,32.39,13.19,36.73,76.44,20.26,13.19,6.84,20.91,30.0,64.29,35.71,75.56,2015
200,HarvardX,"Humanities, History, Design, Religion, and Education",1,729,202,92,27.71,12.62,39.6,79.15,14.95,12.62,3.44,12.5,28.0,54.39,45.61,73.78,2015
201,HarvardX,"Humanities, History, Design, Religion, and Education",1,427,195,58,45.67,13.58,29.23,66.51,17.8,13.58,3.11,18.05,31.0,66.38,33.62,73.96,2015
202,HarvardX,"Humanities, History, Design, Religion, and Education",1,461,197,66,42.73,14.32,33.5,67.03,11.71,14.32,2.27,15.9,31.0,66.67,33.33,77.47,2015
203,MITx,"Government, Health, and Social Science",1,2599,1172,436,45.09,16.78,37.2,69.41,16.93,42.17,30.39,33.65,28.0,59.53,40.47,76.87,2015
204,MITx,"Science, Technology, Engineering, and Mathematics",1,2860,920,333,32.17,11.64,36.2,63.64,6.78,33.36,47.23,77.55,29.0,59.1,40.9,76.33,2015
205,HarvardX,"Humanities, History, Design, Religion, and Education",1,948,246,65,25.95,6.86,26.42,74.26,8.44,6.86,4.94,20.87,27.0,66.45,33.55,73.56,2015
206,HarvardX,"Humanities, History, Design, Religion, and Education",1,1381,257,145,18.61,10.5,46.3,72.56,9.12,10.57,3.66,8.38,26.0,60.8,39.2,68.16,2015
207,HarvardX,"Humanities, History, Design, Religion, and Education",1,385,199,67,51.69,17.4,33.67,72.73,18.7,17.4,2.03,12.05,31.0,60.84,39.16,79.67,2015
208,HarvardX,"Humanities, History, Design, Religion, and Education",1,422,195,56,46.21,13.27,28.72,73.22,14.22,13.27,2.02,12.21,30.0,62.09,37.91,79.69,2015
209,HarvardX,"Humanities, History, Design, Religion, and Education",1,515,192,60,37.28,11.65,31.25,74.17,11.07,11.65,1.95,10.3,27.0,68.67,31.33,74.94,2015
210,HarvardX,"Humanities, History, Design, Religion, and Education",1,4842,770,249,15.9,5.14,32.34,68.26,7.43,5.14,18.37,25.89,26.0,58.87,41.13,65.96,2015
211,MITx,"Science, Technology, Engineering, and Mathematics",1,2075,753,179,36.29,8.63,23.51,53.69,4.24,15.71,14.81,43.47,25.0,85.25,14.75,75.33,2015
212,HarvardX,"Government, Health, and Social Science",1,3654,1850,444,50.63,12.15,24.0,54.71,1.7,12.15,10.6,11.25,29.0,74.66,25.34,84.27,2015
213,HarvardX,"Humanities, History, Design, Religion, and Education",1,3806,1790,478,47.03,12.56,26.7,78.09,14.61,12.56,12.87,8.41,36.0,52.87,47.13,71.11,2015
214,MITx,"Science, Technology, Engineering, and Mathematics",1,790,290,63,36.71,7.97,21.72,55.06,6.58,17.09,6.44,56.85,26.0,87.2,12.8,71.74,2015
215,MITx,Computer Science,1,8495,1161,406,13.67,4.78,34.97,49.38,4.13,7.68,56.13,80.09,25.0,88.58,11.42,61.03,2015
216,MITx,"Humanities, History, Design, Religion, and Education",1,10837,997,383,9.2,3.53,37.81,61.87,7.93,8.41,94.63,73.07,29.0,73.34,26.66,67.25,2015
217,MITx,"Science, Technology, Engineering, and Mathematics",1,7260,1216,336,16.75,4.63,27.63,59.39,5.99,17.41,114.85,170.68,25.0,81.46,18.54,51.52,2015
218,HarvardX,"Government, Health, and Social Science",1,3072,1479,616,48.14,20.05,41.65,70.54,14.71,39.62,14.21,12.82,27.0,45.49,54.51,70.64,2015
219,MITx,"Science, Technology, Engineering, and Mathematics",1,658,221,48,33.59,7.29,21.72,47.57,5.93,18.54,3.88,42.5,26.0,85.01,14.99,71.48,2015
220,HarvardX,"Government, Health, and Social Science",1,2379,1192,277,50.11,11.64,23.24,47.88,3.15,11.64,8.89,16.68,29.0,70.28,29.72,85.62,2015
221,HarvardX,Computer Science,1,168335,10245,417,6.09,0.25,2.93,69.02,0.0,0.0,708.69,0.0,23.0,77.44,22.56,49.51,2016
222,MITx,"Science, Technology, Engineering, and Mathematics",1,8377,3783,127,45.16,1.52,3.36,12.25,2.6,7.09,21.3,42.73,25.0,92.54,7.46,64.22,2016
223,HarvardX,"Government, Health, and Social Science",1,13798,3365,2231,24.39,16.17,66.3,59.13,24.03,38.35,97.71,28.01,29.0,60.16,39.84,75.91,2016
224,MITx,"Science, Technology, Engineering, and Mathematics",1,5747,303,101,5.27,1.76,33.33,54.76,4.07,8.77,53.1,200.43,23.0,84.11,15.89,49.44,2016
225,MITx,Computer Science,1,63658,8805,3744,13.83,5.88,42.52,51.8,7.19,36.31,248.96,17.62,26.0,81.23,18.77,61.74,2016
226,HarvardX,"Government, Health, and Social Science",1,2321,1080,193,46.53,8.32,17.87,47.78,2.24,8.32,8.21,16.76,29.0,72.57,27.43,87.18,2016
227,MITx,"Science, Technology, Engineering, and Mathematics",1,639,206,26,32.24,4.07,12.62,46.32,3.6,14.71,2.6,37.45,27.0,85.6,14.4,74.21,2016
228,HarvardX,"Government, Health, and Social Science",1,6792,2767,903,40.74,13.3,32.63,57.14,35.28,44.38,19.79,9.39,40.0,37.24,62.76,91.03,2016
229,HarvardX,"Humanities, History, Design, Religion, and Education",1,4237,2302,587,54.33,13.85,25.5,79.75,5.15,25.96,19.23,11.85,31.0,59.95,40.05,68.39,2016
230,HarvardX,"Government, Health, and Social Science",1,5309,1094,419,20.61,7.89,38.3,64.23,6.33,28.12,29.9,37.04,31.0,44.81,55.19,83.58,2016
231,MITx,"Government, Health, and Social Science",0,18183,3805,239,20.93,1.31,6.28,70.58,15.71,38.4,45.76,16.21,27.0,76.21,23.79,67.37,2016
232,MITx,"Science, Technology, Engineering, and Mathematics",1,2456,403,99,16.41,4.03,24.57,55.82,4.11,10.34,16.98,73.52,26.0,79.53,20.47,72.65,2016
233,MITx,"Humanities, History, Design, Religion, and Education",0,8405,2152,160,25.6,1.9,7.43,59.88,0.0,17.13,28.24,31.36,32.0,59.5,40.5,83.34,2016
234,MITx,Computer Science,0,16407,3058,23,18.64,0.14,0.75,62.13,5.18,9.72,27.77,22.17,28.0,80.16,19.84,68.29,2016
235,MITx,"Science, Technology, Engineering, and Mathematics",0,17354,1830,136,10.55,0.78,7.43,67.28,3.09,12.22,269.33,212.83,27.0,83.52,16.48,72.77,2016
236,MITx,"Science, Technology, Engineering, and Mathematics",1,9788,257,58,2.63,0.59,22.18,40.32,1.2,2.05,28.77,160.04,22.0,89.61,10.39,54.22,2016
237,MITx,"Government, Health, and Social Science",1,18686,4844,2471,25.92,13.22,51.01,80.21,20.05,33.93,674.4,158.0,29.0,77.2,22.8,84.06,2016
238,HarvardX,"Government, Health, and Social Science",1,1409,645,120,45.78,8.52,18.6,48.12,3.34,8.52,5.99,21.84,29.0,68.36,31.64,89.0,2016
239,HarvardX,"Humanities, History, Design, Religion, and Education",0,5571,425,9,7.63,0.16,2.12,69.22,6.46,13.95,20.91,86.81,27.0,68.66,31.34,62.59,2016
240,MITx,"Science, Technology, Engineering, and Mathematics",0,3842,745,51,19.39,1.33,6.85,57.63,5.36,18.69,25.06,101.75,26.0,65.37,34.63,67.98,2016
241,MITx,"Science, Technology, Engineering, and Mathematics",0,8936,1270,55,14.21,0.62,4.33,73.06,5.14,14.67,72.3,111.02,25.0,86.78,13.22,61.23,2016
242,MITx,"Government, Health, and Social Science",1,4250,494,296,11.62,6.96,59.72,64.96,6.59,22.45,45.06,85.52,27.0,54.14,45.86,78.42,2016
243,HarvardX,"Government, Health, and Social Science",1,4050,691,472,17.06,11.65,68.31,58.47,15.36,33.06,28.87,37.03,27.0,40.9,59.1,76.79,2016
244,MITx,Computer Science,0,4522,1324,27,29.28,0.6,2.04,54.49,1.81,10.37,5.8,13.11,27.0,75.3,24.7,72.03,2016
245,HarvardX,"Humanities, History, Design, Religion, and Education",0,22153,4897,282,22.11,1.27,5.76,77.24,34.35,1.28,79.36,26.43,39.0,36.96,63.04,78.46,2016
246,MITx,Computer Science,0,14003,2182,513,15.58,3.66,23.51,64.74,5.99,22.88,144.07,73.23,26.0,85.3,14.7,72.2,2016
247,HarvardX,"Government, Health, and Social Science",0,1546,502,19,32.47,1.23,3.78,35.12,2.39,1.23,2.99,23.84,28.0,72.83,27.17,84.66,2016
248,HarvardX,"Government, Health, and Social Science",0,13260,1955,587,14.74,4.43,30.03,64.8,12.55,4.54,50.6,23.64,28.0,58.53,41.47,73.01,2016
249,MITx,"Science, Technology, Engineering, and Mathematics",0,1862,547,40,29.38,2.15,7.31,51.93,5.8,21.8,25.48,93.84,25.0,89.36,10.64,69.23,2016
250,MITx,Computer Science,0,4276,1000,9,23.39,0.21,0.9,52.78,1.29,5.0,4.28,14.64,25.0,82.65,17.35,63.35,2016
251,MITx,"Government, Health, and Social Science",0,2583,446,51,17.27,1.97,11.43,65.51,12.08,19.36,10.78,27.19,30.0,64.17,35.83,76.56,2016
252,MITx,"Science, Technology, Engineering, and Mathematics",1,3749,1206,233,32.17,6.21,19.32,55.75,0.16,22.99,44.72,90.87,25.0,83.4,16.6,58.93,2016
253,MITx,"Science, Technology, Engineering, and Mathematics",0,3294,552,70,16.76,2.13,12.68,61.51,8.74,31.36,45.41,94.76,27.0,62.65,37.35,74.65,2016
254,HarvardX,"Humanities, History, Design, Religion, and Education",0,10188,2810,138,27.58,1.35,4.91,75.31,20.95,1.41,37.58,28.9,37.0,51.04,48.96,73.72,2016
255,HarvardX,"Humanities, History, Design, Religion, and Education",0,3049,759,45,24.89,1.48,5.93,72.94,18.6,1.57,24.48,59.94,36.0,39.5,60.5,75.44,2016
256,MITx,"Science, Technology, Engineering, and Mathematics",1,510,416,53,81.57,10.39,12.74,47.84,5.1,16.47,2.53,26.52,27.0,73.36,26.64,73.97,2016
257,MITx,"Government, Health, and Social Science",0,33044,5346,1417,16.18,4.29,26.51,71.69,8.73,35.78,710.96,135.79,29.0,80.37,19.63,85.9,2016
258,HarvardX,"Government, Health, and Social Science",0,1716,462,12,26.92,0.7,2.6,48.08,2.68,0.7,5.68,34.33,28.0,62.38,37.62,84.84,2016
259,HarvardX,"Humanities, History, Design, Religion, and Education",0,2493,803,63,32.21,2.53,7.85,65.3,29.12,2.61,10.31,16.94,37.0,35.31,64.69,92.08,2016
260,MITx,"Government, Health, and Social Science",0,4955,1274,254,25.71,5.13,19.94,61.59,0.0,20.14,24.76,21.67,34.0,60.61,39.39,81.85,2016
261,MITx,Computer Science,0,664,228,5,34.34,0.75,2.19,43.37,1.2,9.49,0.62,7.38,29.0,79.28,20.72,77.39,2016
262,MITx,"Humanities, History, Design, Religion, and Education",0,9933,923,121,9.29,1.22,13.11,58.4,0.0,16.3,27.02,27.33,26.0,76.72,23.28,58.91,2016
263,MITx,"Science, Technology, Engineering, and Mathematics",0,1236,379,35,30.66,2.83,9.23,52.43,6.15,23.38,19.33,103.22,27.0,91.1,8.9,71.51,2016
264,HarvardX,"Humanities, History, Design, Religion, and Education",0,1199,639,43,53.29,3.59,6.73,78.23,6.42,3.75,4.94,8.01,40.0,53.63,46.37,78.46,2016
265,MITx,"Government, Health, and Social Science",0,4130,828,166,20.05,4.02,20.05,60.22,7.43,29.64,33.63,47.71,30.0,49.49,50.51,89.32,2016
266,HarvardX,"Humanities, History, Design, Religion, and Education",0,8758,1710,94,19.53,1.07,5.5,71.61,17.32,1.07,25.96,26.27,36.0,50.28,49.72,75.56,2016
267,HarvardX,"Humanities, History, Design, Religion, and Education",0,9743,1271,202,13.05,2.07,15.89,70.53,14.6,2.12,20.17,14.46,31.0,48.89,51.11,78.93,2016
268,MITx,"Science, Technology, Engineering, and Mathematics",1,362,283,24,78.18,6.63,8.48,45.86,7.18,12.71,1.55,23.31,28.0,77.21,22.79,80.07,2016
269,MITx,"Government, Health, and Social Science",0,12455,2814,1510,22.59,12.12,53.66,77.06,17.05,24.23,355.29,142.79,30.0,77.19,22.81,85.81,2016
270,MITx,Computer Science,0,322,187,4,58.07,1.24,2.14,25.78,1.55,1.86,0.11,6.88,29.0,76.1,23.9,72.45,2016
271,HarvardX,"Science, Technology, Engineering, and Mathematics",0,8297,1933,268,23.3,3.23,13.86,74.58,11.29,3.25,39.56,18.06,28.0,53.86,46.14,63.2,2016
272,MITx,"Science, Technology, Engineering, and Mathematics",0,7898,2066,94,26.16,1.19,4.55,56.24,2.14,9.01,28.25,53.65,24.0,85.28,14.72,56.87,2016
273,HarvardX,"Humanities, History, Design, Religion, and Education",0,8695,1663,127,19.13,1.46,7.64,71.71,19.92,1.47,39.83,35.64,31.0,50.2,49.8,74.37,2016
274,MITx,"Science, Technology, Engineering, and Mathematics",0,4825,715,92,14.82,1.91,12.87,67.83,5.37,33.49,29.82,49.8,26.0,54.56,45.44,68.23,2016
275,MITx,Computer Science,0,21212,3473,947,16.37,4.46,27.24,74.42,8.73,44.23,485.85,119.57,24.0,80.63,19.37,58.76,2016
276,HarvardX,"Science, Technology, Engineering, and Mathematics",0,8017,1515,339,18.9,4.23,22.38,70.89,17.28,29.46,94.63,94.35,27.0,68.41,31.59,74.91,2016
277,MITx,"Government, Health, and Social Science",0,2604,928,207,35.64,7.95,22.31,70.01,20.01,43.74,17.5,25.22,26.0,55.66,44.34,72.52,2016
278,MITx,"Science, Technology, Engineering, and Mathematics",0,4014,515,46,12.83,1.15,8.93,66.87,5.75,11.96,27.31,75.91,25.0,86.64,13.36,64.59,2016
279,MITx,"Government, Health, and Social Science",0,22959,3969,320,17.29,1.39,8.06,68.26,25.01,26.01,37.86,13.39,27.0,74.69,25.31,65.51,2016
280,MITx,"Science, Technology, Engineering, and Mathematics",0,12218,1518,18,12.42,0.15,1.19,72.14,2.5,0.15,56.54,74.74,24.0,85.89,14.11,51.66,2016
281,MITx,"Science, Technology, Engineering, and Mathematics",0,1645,281,2,17.08,0.12,0.71,53.43,1.88,0.12,7.09,45.38,23.0,88.69,11.31,54.7,2016
282,MITx,"Science, Technology, Engineering, and Mathematics",0,2335,792,65,33.92,2.78,8.21,50.71,4.03,13.83,11.1,41.1,24.0,82.87,17.13,63.95,2016
283,HarvardX,"Humanities, History, Design, Religion, and Education",0,4553,1051,70,23.08,1.54,6.66,73.34,16.65,1.54,18.76,26.74,31.0,56.97,43.03,74.39,2016
284,MITx,"Humanities, History, Design, Religion, and Education",0,2402,1232,128,51.29,5.33,10.39,59.62,0.0,24.31,8.59,23.6,34.0,58.2,41.8,86.84,2016
285,HarvardX,"Humanities, History, Design, Religion, and Education",0,615,305,20,49.59,3.25,6.56,80.81,8.78,3.25,1.71,5.93,38.0,56.82,43.18,74.66,2016
286,HarvardX,"Humanities, History, Design, Religion, and Education",0,2871,267,20,9.3,0.7,7.49,70.11,0.0,0.7,4.26,11.33,34.0,25.24,74.76,82.31,2016
287,MITx,"Science, Technology, Engineering, and Mathematics",0,3937,974,49,24.74,1.24,5.03,12.27,4.72,8.23,15.62,58.5,24.0,91.17,8.83,61.32,2016
288,MITx,"Science, Technology, Engineering, and Mathematics",0,1431,208,8,14.54,0.56,3.85,0,3.84,5.73,3.22,62.38,25.0,93.44,6.56,72.31,2016
289,MITx,"Science, Technology, Engineering, and Mathematics",0,1294,364,38,28.13,2.94,10.44,49.92,4.4,14.3,6.87,40.59,25.0,85.95,14.05,65.78,2016
